Year,Week_Number,Month,Day,Moon_Category,RBB,WSB,CLRSKY_SFC_PAR_TOT,ALLSKY_SFC_UVA,ALLSKY_SFC_UVB,T2M,T2M_MIN,T2M_MAX,RH2M,PRECTOTCORR,WS2M,WS2M_MAX,WS2M_MIN,WD2M,GWETTOP
2018,1,1,7,5,90844,22,10.79,1.08,0.03,25.58,22.31,29.20,87.46,5.45,0.94,1.81,0.37,143.47,0.9
2018,2,1,14,7,2236,36,10.85,1.06,0.03,25.59,22.04,29.51,84.81,4.83,0.84,1.63,0.30,97.87,0.89
2018,3,1,21,1,1083,7,10.79,1.03,0.03,24.36,21.77,27.48,88.77,4.08,0.85,1.70,0.38,181.03,0.89
2018,4,1,28,3,32360,6,11.1,1.15,0.04,25.75,21.99,29.87,84.92,1.95,0.74,1.45,0.23,125.7,0.88
2018,5,2,4,4,23705,1,11.14,1.15,0.04,25.34,21.26,29.82,83.94,7.29,0.89,1.68,0.28,177.4,0.88
2018,6,2,11,7,445,10,11.17,1.14,0.04,25.81,23.00,30.12,85.96,1.15,1.37,2.60,0.50,276.19,0.87
2018,7,2,18,1,16,6,11.62,1.16,0.04,25.72,22.00,29.92,84.97,7.87,0.96,2.00,0.27,156.74,0.88
2018,8,2,25,3,182,5,12.09,1.3,0.04,25.74,21.44,30.47,83.39,1.28,1.08,2.16,0.49,92.36,0.85
2018,9,3,4,4,4335,3,12.08,1.37,0.05,26.09,21.95,30.69,83.64,4.96,1.03,1.88,0.45,109.63,0.85
2018,10,3,11,7,31,1,12.29,1.42,0.05,25.89,20.61,31.42,80.10,0.45,1.18,2.19,0.54,84.97,0.82
2018,11,3,18,0,3,0,12.42,1.45,0.05,26.42,21.52,31.91,80.40,0.38,0.97,1.92,0.32,166.21,0.8
2018,12,3,25,2,21,0,12.53,1.32,0.04,25.78,22.11,30.34,83.35,7.13,0.89,1.90,0.23,132.56,0.81
2018,13,4,1,4,1361,1,12.24,1.41,0.04,25.65,21.51,30.82,81.45,2.24,1.30,3.04,0.37,250.59,0.8
2018,14,4,8,7,84,0,12.09,1.4,0.04,26.45,22.64,31.16,80.98,2.18,0.86,1.73,0.19,204.84,0.78
2018,15,4,15,0,2,0,12.6,1.4,0.04,26.60,22.50,30.94,84.19,7.49,1.14,2.13,0.50,96.56,0.79
2018,16,4,22,1,1,0,12.49,1.35,0.04,26.63,23.24,30.65,84.64,8.67,0.90,1.69,0.31,154.46,0.82
2018,17,4,29,4,530,0,12.33,1.41,0.04,26.30,23.77,29.82,85.64,4.37,0.88,1.59,0.33,196.87,0.8
2018,18,5,6,5,3441,3,12.39,1.38,0.04,26.60,23.14,30.90,83.52,5.57,0.91,1.85,0.36,226.69,0.81
2018,19,5,13,7,1,1,12.18,1.41,0.04,26.49,23.51,30.56,84.62,3.63,1.05,2.07,0.39,224.71,0.8
2018,20,5,20,1,0,0,12.1,1.33,0.04,26.40,23.54,29.74,85.32,12.64,0.75,1.37,0.24,191.77,0.83
2018,21,5,27,3,51,1,12.25,1.5,0.05,27.16,23.24,31.26,82.59,7.35,0.88,1.68,0.35,119.13,0.83
2018,22,6,3,5,5415,3,11.7,1.24,0.04,26.00,23.52,29.42,87.57,28.69,1.05,2.12,0.35,229.54,0.89
2018,23,6,10,7,378,29,11.84,1.21,0.04,25.97,23.00,29.99,86.80,3.67,1.39,2.66,0.66,233.67,0.87
2018,24,6,17,1,1,49,11.78,1.28,0.04,26.10,22.85,30.34,83.58,3.79,0.93,1.67,0.49,214.49,0.86
2018,25,6,24,3,7,9,11.72,1.24,0.04,25.98,22.74,29.70,83.78,8.02,0.78,1.45,0.30,177.93,0.87
2018,26,7,1,5,1645,1,11.85,1.27,0.04,26.21,22.47,30.63,83.77,11.39,0.84,1.58,0.36,191.7,0.88
2018,27,7,8,7,4,10,11.71,1.23,0.04,25.12,22.79,28.37,87.84,10.42,1.18,2.31,0.49,256.27,0.89
2018,28,7,15,0,1,98,11.5,1.12,0.04,25.18,22.24,29.16,86.32,15.40,1.28,2.67,0.55,235.47,0.91
2018,29,7,22,3,710,114,11.7,1.19,0.04,25.71,22.14,30.46,85.06,4.49,1.16,2.38,0.55,224.13,0.9
2018,30,7,29,4,38255,15,11.69,1.23,0.04,25.55,22.64,29.55,86.85,15.05,1.34,2.69,0.64,253.79,0.91
2018,31,8,5,6,14968,104,11.49,1.02,0.03,24.94,22.34,28.69,87.54,10.68,1.42,2.78,0.63,235.77,0.92
2018,32,8,12,0,696,28,11.8,1.22,0.04,25.19,22.15,29.30,86.61,1.43,1.28,2.42,0.62,219.71,0.91
2018,33,8,19,2,2747,6,11.93,1.23,0.04,25.33,22.18,29.41,85.38,11.72,1.15,2.38,0.51,236.4,0.91
2018,34,8,26,4,21949,17,12.09,1.25,0.04,25.90,22.94,29.93,85.25,8.33,1.03,1.89,0.39,234.71,0.91
2018,35,9,2,5,12297,10,12.01,1.26,0.04,25.37,22.73,29.21,86.10,8.48,1.56,2.87,0.64,255.31,0.91
2018,36,9,9,7,38,9,11.96,1.19,0.04,24.97,21.99,29.03,86.28,2.48,1.31,2.61,0.56,241.86,0.9
2018,37,9,16,1,174,4,11.89,1.04,0.03,24.84,22.41,28.10,88.09,6.89,1.70,3.22,0.71,222.57,0.9
2018,38,9,23,3,5741,2,12,1.19,0.04,25.75,22.98,29.81,86.61,13.06,1.28,2.72,0.41,256.34,0.91
2018,39,9,30,4,11383,2,11.83,1.22,0.04,25.58,22.52,29.94,86.06,5.56,1.45,2.99,0.56,254.83,0.9
2018,40,10,7,7,152,5,11.69,1.22,0.04,26.32,22.82,30.63,84.76,2.87,0.80,1.55,0.34,206.01,0.88
2018,41,10,14,0,13,1,11.83,1.32,0.04,26.74,23.30,31.02,84.24,7.12,0.83,1.64,0.32,176.03,0.87
2018,42,10,21,3,22,0,11.63,1.21,0.04,25.09,22.56,28.68,88.05,14.68,1.20,2.27,0.46,241.27,0.9
2018,43,10,28,4,2029,0,11.53,1.26,0.04,25.95,23.04,30.06,85.20,10.75,1.13,2.40,0.36,268.5,0.91
2018,44,11,4,7,1,7,11.33,1.3,0.04,26.45,22.40,31.03,84.63,2.32,1.01,2.05,0.40,143.34,0.88
2018,45,11,11,0,0,30,11.45,1.35,0.04,26.69,22.50,31.11,83.39,3.51,0.94,1.94,0.35,90.5,0.87
2018,46,11,18,3,0,20,11.12,1.23,0.04,25.99,22.16,29.99,84.71,8.03,0.73,1.54,0.24,164.86,0.88
2018,47,11,25,4,3,4,11.03,1.26,0.04,25.42,21.72,29.90,85.02,1.66,1.08,2.24,0.39,222.97,0.86
2018,48,12,2,5,0,3,10.97,1.27,0.04,26.28,21.70,31.13,83.36,3.78,0.86,1.65,0.39,113.9,0.86
2018,49,12,9,0,0,7,10.85,1.21,0.03,25.81,21.75,30.65,85.65,0.45,1.08,1.94,0.56,95.67,0.84
2018,50,12,16,1,0,33,10.72,1.29,0.04,26.10,21.15,31.32,83.78,0.86,1.05,2.04,0.43,78.73,0.82
2018,51,12,23,3,3248,15,10.58,1.11,0.03,25.75,23.00,29.51,86.69,5.82,0.95,2.01,0.30,200.13,0.83
2018,52,12,30,5,186,10,10.53,1.17,0.03,25.55,22.76,29.36,86.76,11.86,1.44,2.74,0.55,253.04,0.84
2019,2,1,13,1,1118,21,10.86,1.08,0.03,25.00,21.03,29.40,85.00,3.14,1.00,2.00,0.37,97.61,0.85
2019,3,1,20,3,6955,10,10.85,1.07,0.03,24.50,20.88,28.71,86.24,2.54,1.05,2.14,0.42,145.44,0.85
2019,4,1,27,5,17286,8,11,1.05,0.03,25.84,22.55,29.91,85.99,5.01,0.93,1.85,0.35,153.23,0.85
2019,5,2,3,7,11856,11,11.14,1.13,0.03,25.06,21.02,29.51,83.25,4.64,0.96,1.94,0.32,136.76,0.84
2019,6,2,10,1,346,12,11.32,1.2,0.04,25.65,21.68,30.62,83.45,0.87,1.25,2.38,0.51,180.47,0.83
2019,7,2,17,3,907,8,11.73,1.27,0.04,24.92,20.29,30.23,82.87,5.20,1.23,2.40,0.44,129.85,0.82
2019,8,2,24,4,15752,4,11.94,1.36,0.04,25.28,20.34,30.78,81.06,0.73,1.16,2.27,0.49,76.14,0.8
2019,9,3,3,7,2511,2,12.08,1.42,0.05,25.79,20.91,31.11,80.22,2.70,1.02,1.99,0.36,122.61,0.79
2019,10,3,10,0,146,1,12.21,1.37,0.04,26.00,20.96,31.54,79.77,0.48,1.13,2.15,0.48,107.75,0.76
2019,11,3,17,3,1086,0,12.27,1.39,0.04,26.28,21.41,31.90,78.98,1.62,0.96,1.92,0.30,151.57,0.75
2019,12,3,24,4,3307,0,12.55,1.31,0.04,26.02,21.89,30.91,82.59,7.81,0.96,2.09,0.29,132.91,0.78
2019,13,3,31,5,708,1,12.37,1.4,0.05,25.81,21.43,31.07,80.38,3.47,1.17,2.60,0.31,164.4,0.76
2019,14,4,7,0,51,2,12.27,1.38,0.04,26.40,22.21,31.51,80.58,4.59,0.89,1.79,0.22,202.36,0.74
2019,15,4,14,1,35,0,12.61,1.4,0.04,26.82,22.57,31.45,82.74,6.59,1.08,2.05,0.46,93.38,0.77
2019,16,4,21,3,158,0,12.5,1.44,0.05,26.93,23.02,31.62,82.15,6.84,0.94,1.82,0.31,168.29,0.76
2019,17,4,28,5,266,0,12.35,1.41,0.04,27.10,23.51,31.43,82.57,5.88,0.92,1.79,0.33,139.14,0.76
2019,18,5,5,7,1720,2,12.3,1.41,0.04,26.59,23.30,30.85,83.60,6.50,0.99,2.02,0.38,224.84,0.77
2019,19,5,12,1,0,1,12.13,1.39,0.04,26.65,23.55,30.80,83.59,2.65,1.09,2.13,0.46,242.7,0.75
2019,20,5,19,3,44,0,12.1,1.32,0.04,26.64,23.55,30.39,84.58,10.17,0.87,1.56,0.31,209.87,0.79
2019,21,5,26,5,125,1,12.11,1.4,0.04,26.92,23.67,30.70,83.98,5.34,0.90,1.74,0.38,181.14,0.77
2019,22,6,2,7,2708,1,11.88,1.27,0.04,26.67,23.46,30.59,84.83,17.42,0.99,1.93,0.35,171.45,0.8
2019,23,6,9,0,197,15,11.84,1.23,0.04,26.40,23.24,30.36,85.66,12.06,1.09,2.09,0.48,184.95,0.84
2019,24,6,16,3,41,24,11.75,1.25,0.04,26.68,23.48,30.87,83.72,7.06,0.90,1.65,0.41,216.02,0.83
2019,25,6,23,5,38,5,11.74,1.23,0.04,26.19,23.39,29.75,85.37,10.20,0.84,1.55,0.36,211.9,0.84
2019,26,6,30,7,823,0,11.77,1.22,0.04,26.15,22.82,30.38,83.99,9.09,0.96,1.91,0.43,212.82,0.84
2019,27,7,7,0,2,5,11.7,1.24,0.04,25.35,22.67,28.88,86.81,10.87,1.05,2.06,0.45,235.32,0.86
2019,28,7,14,3,0,49,11.64,1.12,0.04,25.12,22.40,28.86,86.11,17.08,1.16,2.33,0.50,231.81,0.88
2019,29,7,21,4,355,57,11.79,1.21,0.04,25.72,22.19,30.21,85.29,4.78,1.24,2.48,0.52,206.16,0.87
2019,30,7,28,6,19128,8,11.71,1.21,0.04,25.34,22.54,29.18,86.83,10.52,1.28,2.61,0.57,249.18,0.88
2019,31,8,4,0,7484,53,11.63,1.06,0.03,24.84,22.04,28.70,86.92,9.75,1.36,2.76,0.57,236.13,0.89
2019,32,8,11,3,348,14,11.95,1.29,0.04,25.30,21.80,29.88,85.47,0.85,1.50,2.89,0.68,216.06,0.86
2019,33,8,18,4,1376,3,12.01,1.32,0.04,25.75,22.42,30.01,84.20,7.73,1.07,2.11,0.50,224.79,0.86
2019,34,8,25,5,10974,9,12.03,1.25,0.04,25.60,22.53,29.73,85.11,10.04,1.14,2.12,0.46,233.91,0.87
2019,35,9,1,0,6149,5,11.96,1.22,0.04,25.28,22.74,28.96,86.92,11.34,1.53,2.77,0.61,249.51,0.89
2019,36,9,8,1,19,5,11.93,1.22,0.04,25.23,22.12,29.46,84.88,3.25,1.19,2.42,0.53,242.85,0.87
2019,37,9,15,3,134,3,11.74,1.03,0.03,25.09,22.62,28.58,87.23,6.92,1.79,3.46,0.74,231.21,0.87
2019,38,9,22,5,2888,1,11.44,1.21,0.04,25.79,22.24,30.60,84.48,6.61,1.10,2.19,0.41,236.21,0.87
2019,39,9,29,7,5697,2,11.68,1.23,0.04,26.20,23.00,30.73,84.24,3.33,1.16,2.35,0.41,233.74,0.85
2019,40,10,6,1,105,3,11.78,1.26,0.04,26.08,22.70,30.24,85.22,8.33,0.87,1.68,0.37,205.41,0.86
2019,41,10,13,3,431,1,11.72,1.27,0.04,26.41,23.30,30.65,84.74,19.54,0.94,1.90,0.35,215.46,0.87
2019,42,10,20,5,477,1,11.52,1.21,0.04,25.85,22.80,29.90,85.71,11.08,1.02,1.97,0.39,227.57,0.88
2019,43,10,27,7,1085,1,11.5,1.23,0.04,26.11,23.14,30.08,85.60,15.74,0.95,2.03,0.28,232.07,0.9
2019,44,11,3,1,11,4,11.24,1.25,0.04,25.84,22.42,29.99,86.83,9.78,1.11,2.27,0.45,182.44,0.9
2019,45,11,10,3,388,15,11.15,1.26,0.04,26.00,22.24,30.45,84.45,3.33,1.06,2.23,0.42,171.54,0.88
2019,46,11,17,5,101,11,11.1,1.27,0.04,25.79,22.26,30.08,85.24,4.46,0.94,2.00,0.32,211.15,0.88
2019,47,11,24,7,4,2,10.95,1.26,0.04,25.80,22.44,29.93,85.09,2.79,0.92,1.86,0.34,204.98,0.87
2019,48,12,1,0,3,2,10.93,1.27,0.04,26.44,22.21,31.30,83.23,3.17,0.86,1.64,0.32,138.05,0.86
2019,49,12,8,3,5,3,10.61,1.22,0.03,25.76,22.35,30.22,86.19,0.98,1.07,2.03,0.51,168.96,0.84
2019,50,12,15,4,9,17,10.72,1.26,0.04,25.92,21.59,30.77,84.76,2.33,1.03,2.03,0.40,97.61,0.83
2019,51,12,22,6,1624,10,10.7,1.14,0.03,25.43,22.16,29.54,86.12,3.94,0.96,1.98,0.34,149.35,0.83
2019,52,12,29,0,93,5,10.56,1.19,0.04,25.58,21.97,29.92,85.51,6.15,1.29,2.51,0.47,203.09,0.83
2020,2,1,12,3,749,14,10.86,1.11,0.03,25.33,21.36,29.85,84.35,2.66,0.97,1.99,0.33,99.48,0.83
2020,3,1,19,5,4637,7,10.9,1.15,0.03,25.16,21.51,29.48,84.76,4.50,0.99,2.00,0.38,139.25,0.83
2020,4,1,26,7,11524,7,11.08,1.13,0.03,25.83,22.00,30.41,85.06,4.15,1.04,2.07,0.40,135.77,0.83
2020,5,2,2,1,7904,8,11.16,1.22,0.04,25.54,21.67,30.08,82.68,4.16,0.94,1.93,0.31,152.24,0.82
2020,6,2,9,3,250,8,11.32,1.22,0.04,25.61,21.47,30.81,83.04,1.27,1.25,2.33,0.51,155.63,0.8
2020,7,2,16,5,633,5,11.67,1.24,0.04,25.18,20.47,30.62,82.31,3.85,1.30,2.52,0.47,111.38,0.8
2020,8,2,23,7,10502,3,11.9,1.35,0.04,25.24,20.17,31.10,80.42,0.69,1.26,2.42,0.51,74.95,0.77
2020,9,3,1,1,1674,2,12.06,1.36,0.04,25.99,21.14,31.36,80.44,1.90,1.11,2.23,0.38,104.89,0.76
2020,10,3,8,3,115,1,12.16,1.35,0.04,26.22,21.55,31.53,80.94,2.26,1.14,2.24,0.45,125.95,0.75
2020,11,3,15,5,774,1,12.33,1.46,0.05,26.34,21.26,32.28,77.93,1.14,1.03,2.03,0.32,123.7,0.72
2020,12,3,22,7,2206,1,12.55,1.37,0.04,26.41,21.77,31.75,80.50,5.98,0.99,2.10,0.26,112.5,0.74
2020,13,3,29,0,501,1,12.42,1.37,0.04,26.10,21.72,31.48,79.55,3.23,1.13,2.50,0.31,132.12,0.73
2020,14,4,5,3,730,1,12.39,1.45,0.04,26.84,22.09,32.30,77.78,3.19,0.93,1.93,0.23,164.7,0.7
2020,15,4,12,4,257,0,12.55,1.44,0.05,27.08,22.60,32.17,79.84,5.24,1.11,2.26,0.40,122.49,0.71
2020,16,4,19,6,113,0,12.47,1.41,0.04,27.19,22.93,32.33,80.07,4.92,1.01,1.98,0.33,181.84,0.7
2020,17,4,26,0,180,0,12.4,1.4,0.04,27.46,23.34,32.30,79.86,4.44,0.98,1.94,0.31,122.23,0.7
2020,18,5,3,3,1183,1,12.32,1.33,0.04,27.05,23.33,31.82,80.32,4.75,1.05,2.13,0.39,202.32,0.7
2020,19,5,10,3,49,0,12.13,1.38,0.04,27.27,23.83,31.96,81.38,2.70,1.13,2.31,0.41,241.68,0.69
2020,20,5,17,5,87,0,11.97,1.27,0.04,26.95,23.72,30.96,83.75,8.56,0.95,1.81,0.34,204.72,0.73
2020,21,5,24,0,89,1,12.08,1.36,0.04,27.15,23.75,31.26,82.96,5.71,0.90,1.73,0.38,163.79,0.73
2020,22,5,31,1,1812,1,11.91,1.28,0.04,26.82,23.62,30.79,83.86,15.94,0.93,1.79,0.35,181.84,0.76
2020,23,6,7,3,1486,10,11.85,1.24,0.04,26.64,23.47,30.65,84.92,31.90,0.98,1.89,0.38,191.01,0.81
2020,24,6,14,5,92,16,11.72,1.22,0.04,26.47,23.27,30.66,84.27,42.07,0.97,1.81,0.44,209.33,0.86
2020,25,6,21,7,26,3,11.75,1.24,0.04,26.29,23.39,29.94,85.46,8.70,0.80,1.52,0.33,196.72,0.84
2020,26,6,28,1,549,0,11.8,1.22,0.04,26.23,22.87,30.36,84.13,8.79,0.91,1.73,0.42,195.46,0.84
2020,27,7,5,3,2,4,11.8,1.28,0.04,25.47,22.62,29.15,86.11,9.82,0.98,1.92,0.43,225.38,0.85
2020,28,7,12,5,0,33,11.78,1.19,0.04,25.35,22.29,29.32,85.57,12.45,1.11,2.14,0.50,207.64,0.86
2020,29,7,19,7,237,38,11.88,1.27,0.04,26.02,22.35,30.41,84.39,4.61,1.10,2.14,0.47,182.97,0.85
2020,30,7,26,1,12752,7,11.84,1.25,0.04,25.63,22.67,29.58,86.09,9.12,1.18,2.30,0.53,233.2,0.86
2020,31,8,2,3,4989,38,11.74,1.13,0.04,25.17,22.28,29.19,86.35,11.74,1.22,2.53,0.51,235.57,0.88
2020,32,8,9,4,240,10,11.97,1.28,0.04,25.53,22.10,29.97,85.12,3.50,1.32,2.51,0.58,210.24,0.86
2020,33,8,16,7,918,3,12.07,1.32,0.04,25.89,22.67,30.13,83.91,6.53,1.01,1.97,0.43,222.97,0.85
2020,34,8,23,0,7316,6,12.09,1.26,0.04,25.69,22.55,29.79,84.71,10.34,1.11,2.13,0.46,231.28,0.87
2020,35,8,30,3,4099,4,12.07,1.26,0.04,25.72,22.73,29.84,84.96,8.84,1.32,2.47,0.56,234.91,0.87
2020,36,9,6,4,14,4,12.05,1.26,0.04,25.80,22.36,30.20,83.95,7.23,1.04,2.11,0.43,220.14,0.87
2020,37,9,13,7,89,3,11.89,1.1,0.04,25.64,22.81,29.30,86.23,6.64,1.45,2.79,0.59,214.78,0.87
2020,38,9,20,0,1925,2,11.63,1.2,0.04,25.78,22.37,30.29,84.95,12.31,1.10,2.21,0.43,220.62,0.88
2020,39,9,27,2,3798,2,11.81,1.26,0.04,26.18,22.97,30.55,84.41,2.79,1.10,2.19,0.43,226.33,0.86
2020,40,10,4,3,145,3,11.88,1.28,0.04,26.06,22.89,30.09,85.50,6.84,1.02,1.93,0.43,219.08,0.86
2020,41,10,11,5,335,2,11.69,1.23,0.04,26.28,23.33,30.45,85.30,14.56,0.97,1.98,0.37,226.82,0.87
2020,42,10,18,0,333,3,11.46,1.19,0.04,25.86,22.93,29.88,86.14,14.10,0.99,1.92,0.40,212.59,0.88
2020,43,10,25,1,1508,1,11.46,1.19,0.04,25.89,23.04,29.78,86.29,13.71,1.02,2.11,0.34,227.17,0.9
2020,44,11,1,3,4310,3,11.26,1.2,0.04,25.70,22.45,29.78,87.22,16.18,1.12,2.31,0.43,195.28,0.91
2020,45,11,8,5,382,10,11.08,1.19,0.03,25.89,22.29,30.33,85.05,4.24,1.01,2.11,0.37,188.31,0.9
2020,46,11,15,7,70,7,11.08,1.24,0.04,25.77,22.32,29.98,85.95,5.49,0.93,1.93,0.35,199.81,0.89
2020,47,11,22,1,4,1,10.98,1.24,0.04,25.98,22.50,30.18,85.11,2.78,0.94,1.82,0.37,173.57,0.88
2020,48,11,29,3,7,2,10.93,1.24,0.04,26.42,22.34,31.06,83.68,4.29,0.83,1.61,0.30,136.8,0.87
2020,49,12,6,5,5,2,10.66,1.22,0.03,25.90,22.51,30.26,86.08,2.17,1.04,2.00,0.47,194.15,0.86
2020,50,12,13,7,6,12,10.72,1.3,0.04,25.96,21.86,30.62,84.95,2.77,1.00,1.93,0.41,112.28,0.85
2020,51,12,20,1,1083,6,10.72,1.14,0.04,25.52,22.32,29.55,85.75,4.42,0.91,1.83,0.37,141.17,0.85
2020,52,12,27,3,63,3,10.55,1.17,0.03,25.61,22.04,29.90,85.52,6.51,1.11,2.16,0.44,179.97,0.85
2021,2,1,10,7,562,13,10.82,1.1,0.03,25.38,21.59,29.71,85.02,3.04,0.94,1.93,0.34,108.22,0.84
2021,3,1,17,0,3478,7,10.86,1.14,0.03,25.29,21.92,29.39,85.66,7.15,0.96,1.93,0.37,153.13,0.85
2021,4,1,24,3,8643,6,11.04,1.12,0.03,25.74,22.06,30.13,85.23,4.48,0.95,1.87,0.37,135.59,0.85
2021,5,1,31,4,6029,6,11.16,1.21,0.04,25.39,21.35,30.03,83.11,3.45,0.99,2.00,0.34,138.59,0.84
2021,6,2,7,7,198,8,11.32,1.2,0.04,25.54,21.36,30.69,83.56,2.18,1.22,2.28,0.49,141.64,0.82
2021,7,2,14,0,477,15,11.58,1.21,0.04,25.32,21.00,30.41,83.43,5.92,1.20,2.34,0.44,130.21,0.82
2021,8,2,21,1,7888,10,11.84,1.28,0.04,25.26,20.56,30.73,81.56,1.13,1.22,2.35,0.50,101.81,0.8
2021,9,2,28,4,1475,3,12.02,1.34,0.04,25.95,21.33,31.15,81.44,2.92,1.06,2.14,0.36,128.94,0.79
2021,10,3,7,5,203,2,12.2,1.38,0.04,26.04,21.40,31.32,81.25,1.92,1.17,2.31,0.46,114.89,0.78
2021,11,3,14,7,629,1,12.34,1.41,0.04,25.96,21.24,31.59,80.07,4.64,1.05,2.07,0.36,133.2,0.76
2021,12,3,21,1,2185,1,12.54,1.38,0.04,26.45,22.00,31.56,81.06,5.56,0.97,2.02,0.30,123.22,0.77
2021,13,3,28,3,2882,1,12.45,1.38,0.04,26.09,21.78,31.28,80.69,3.89,1.12,2.40,0.33,121.01,0.76
2021,14,4,4,5,1054,2,12.42,1.41,0.04,26.76,22.30,31.90,79.23,3.61,0.92,1.90,0.22,160.33,0.74
2021,15,4,11,7,217,0,12.46,1.42,0.04,26.89,22.60,31.82,80.74,5.61,1.06,2.09,0.39,143.59,0.75
2021,16,4,18,1,89,0,12.41,1.36,0.04,26.77,22.91,31.48,82.14,6.47,1.18,2.27,0.41,199.57,0.75
2021,17,4,25,3,171,0,12.38,1.39,0.04,27.00,23.15,31.72,81.34,4.50,1.19,2.34,0.43,155.68,0.75
2021,18,5,2,5,1006,1,12.32,1.34,0.04,26.88,23.32,31.39,81.45,5.50,0.99,2.00,0.35,194.66,0.74
2021,19,5,9,7,41,0,12.22,1.38,0.04,27.12,23.54,31.77,82.00,4.26,1.10,2.20,0.42,208.62,0.73
2021,20,5,16,0,86,0,12.03,1.24,0.04,26.87,23.55,30.90,84.21,14.75,0.96,1.84,0.35,184.08,0.77
2021,21,5,23,3,123,0,12.06,1.32,0.04,26.82,23.62,30.78,84.51,13.08,0.91,1.73,0.38,175.25,0.78
2021,22,5,30,4,1426,1,11.93,1.27,0.04,26.65,23.56,30.61,84.48,13.75,0.96,1.88,0.36,193.38,0.81
2021,23,6,6,7,1115,8,11.83,1.2,0.04,26.37,23.22,30.31,85.59,24.97,1.01,1.90,0.42,197.36,0.84
2021,24,6,13,0,69,13,11.72,1.24,0.04,26.32,23.17,30.42,84.50,33.92,0.95,1.79,0.42,218.44,0.87
2021,25,6,20,1,19,3,11.83,1.29,0.04,26.31,23.26,30.04,85.13,8.17,0.80,1.54,0.32,192.21,0.86
2021,26,6,27,4,411,0,11.83,1.26,0.04,26.29,22.95,30.38,84.01,7.49,0.89,1.68,0.40,199.49,0.86
2021,27,7,4,5,1,3,11.81,1.3,0.04,25.57,22.69,29.25,86.22,9.84,1.01,1.92,0.47,222.72,0.86
2021,28,7,11,7,0,25,11.81,1.21,0.04,25.51,22.34,29.42,85.33,20.84,1.01,1.94,0.44,187.76,0.89
2021,29,7,18,1,178,31,11.87,1.26,0.04,26.00,22.50,30.22,84.91,6.08,1.10,2.12,0.47,187.51,0.88
2021,30,7,25,3,9564,6,11.89,1.29,0.04,25.66,22.72,29.61,86.08,6.98,1.26,2.48,0.57,233.3,0.87
2021,31,8,1,5,3742,29,11.83,1.19,0.04,25.43,22.49,29.47,86.08,9.21,1.18,2.42,0.50,233.64,0.88
2021,32,8,8,7,180,8,12.01,1.29,0.04,25.59,22.28,29.88,85.27,4.19,1.24,2.34,0.57,210.9,0.87
2021,33,8,15,1,688,2,12.14,1.34,0.04,25.94,22.59,30.22,83.93,7.20,0.98,1.87,0.42,209.13,0.86
2021,34,8,22,3,5489,5,12.17,1.3,0.04,25.97,22.65,30.13,84.17,9.46,1.02,1.96,0.40,215.3,0.87
2021,35,8,29,4,3075,5,12.09,1.27,0.04,25.73,22.75,29.73,85.10,8.35,1.20,2.22,0.51,227.87,0.88
2021,36,9,5,7,10,5,12.12,1.28,0.04,25.87,22.61,30.05,84.78,7.15,1.02,2.07,0.40,229.19,0.88
2021,37,9,12,1,67,3,11.89,1.11,0.04,25.56,22.80,29.21,86.63,6.70,1.39,2.73,0.55,214.98,0.87
2021,38,9,19,3,1444,2,11.76,1.21,0.04,25.74,22.46,30.07,85.30,11.95,1.10,2.14,0.42,215.87,0.89
2021,39,9,26,4,2853,2,11.89,1.26,0.04,26.13,22.93,30.49,84.60,5.10,1.05,2.03,0.41,224.02,0.87
2021,40,10,3,7,110,3,11.88,1.28,0.04,26.19,22.99,30.29,85.26,6.77,0.99,1.90,0.39,220.45,0.87
2021,41,10,10,0,253,3,11.69,1.19,0.04,26.03,23.20,30.00,85.99,13.08,1.16,2.31,0.44,231.93,0.88
2021,42,10,17,2,436,3,11.47,1.18,0.04,25.93,22.90,30.02,85.90,11.96,1.05,2.03,0.38,211.4,0.89
2021,43,10,24,4,1225,1,11.49,1.19,0.04,25.79,22.85,29.64,86.37,14.20,1.02,2.07,0.37,217.85,0.9
2021,44,10,31,7,3329,2,11.31,1.21,0.04,25.82,22.49,30.03,86.53,14.32,1.07,2.20,0.41,191.48,0.91
2021,45,11,7,7,345,8,11.13,1.2,0.04,26.11,22.36,30.58,84.48,5.34,0.94,1.95,0.34,174.41,0.9
2021,46,11,14,1,69,6,11.1,1.22,0.04,25.92,22.47,30.13,86.13,6.91,0.94,1.88,0.38,177.7,0.9
2021,47,11,21,4,17,2,10.95,1.22,0.04,25.99,22.53,30.20,85.33,4.06,0.92,1.82,0.35,181.83,0.89
2021,48,11,28,5,5,1,10.93,1.22,0.04,26.31,22.41,30.78,84.27,3.83,0.84,1.60,0.33,131.9,0.88
2021,49,12,5,7,4,2,10.65,1.21,0.04,25.89,22.68,30.05,86.39,2.10,1.03,2.02,0.42,201,0.86
2021,50,12,12,1,5,9,10.7,1.27,0.04,26.12,22.14,30.71,84.74,2.43,0.96,1.86,0.39,136.91,0.85
2021,51,12,19,3,812,6,10.71,1.12,0.03,25.65,22.37,29.70,85.71,5.45,0.97,1.93,0.37,145.36,0.85
2021,52,12,26,5,47,5,10.59,1.18,0.04,25.52,21.94,29.78,85.47,5.48,1.03,2.00,0.42,161.74,0.85
2022,2,1,9,1,450,11,10.76,1.11,0.03,25.42,21.58,29.87,84.64,2.69,0.94,1.94,0.32,113.01,0.84
2022,3,1,16,3,2808,5,10.83,1.12,0.03,25.32,21.86,29.54,85.26,6.24,0.96,1.92,0.37,147.03,0.85
2022,4,1,23,5,7043,6,11.03,1.13,0.03,25.67,21.96,30.05,84.92,3.92,0.95,1.87,0.36,130.32,0.84
2022,5,1,30,7,4824,14,11.16,1.2,0.04,25.47,21.54,30.05,83.50,3.53,0.96,1.94,0.34,144.61,0.84
2022,6,2,6,0,163,56,11.35,1.2,0.04,25.38,21.27,30.48,83.91,1.91,1.23,2.34,0.51,131.97,0.82
2022,7,2,13,3,509,29,11.6,1.2,0.04,25.35,21.09,30.40,83.76,5.30,1.18,2.28,0.44,123.63,0.82
2022,8,2,20,4,8428,11,11.82,1.25,0.04,25.30,20.68,30.64,82.04,1.78,1.16,2.22,0.46,104.55,0.8
2022,9,2,27,7,1242,5,12.02,1.3,0.04,25.76,21.22,30.94,81.87,2.74,1.06,2.12,0.39,121.99,0.79
2022,10,3,6,0,178,6,12.19,1.36,0.04,26.03,21.54,31.23,81.67,2.36,1.15,2.27,0.45,121.96,0.78
2022,11,3,13,3,2453,10,12.3,1.37,0.04,26.03,21.63,31.34,81.39,7.87,1.05,2.06,0.37,135.55,0.78
2022,12,3,20,4,9702,4,12.48,1.36,0.04,26.48,22.19,31.40,81.79,5.85,0.96,1.95,0.32,124.58,0.78
2022,13,3,27,5,4185,7,12.43,1.35,0.04,26.06,21.85,31.11,81.29,3.76,1.09,2.30,0.35,118.45,0.77
2022,14,4,3,0,865,5,12.42,1.39,0.04,26.61,22.29,31.63,80.27,5.37,0.94,1.89,0.27,162.8,0.76
2022,15,4,10,1,841,2,12.46,1.35,0.04,26.62,22.71,31.21,82.18,8.41,1.16,2.26,0.44,158.99,0.77
2022,16,4,17,3,21742,0,12.34,1.33,0.04,26.58,22.85,31.19,82.82,8.98,1.28,2.41,0.49,211.6,0.78
2022,17,4,24,5,340,0,12.36,1.37,0.04,26.98,23.13,31.63,81.75,9.68,1.11,2.20,0.40,148.64,0.78
2022,18,5,1,7,805,1,12.3,1.31,0.04,26.73,23.23,31.09,82.49,6.85,0.99,1.98,0.35,182.74,0.78
2022,19,5,8,1,47,0,12.23,1.36,0.04,26.97,23.38,31.52,82.95,4.89,1.10,2.16,0.43,186.76,0.77
2022,20,5,15,3,70,0,12.05,1.23,0.04,26.80,23.57,30.74,84.82,15.54,0.93,1.79,0.37,180.55,0.81
2022,21,5,22,5,109,1,12.05,1.31,0.04,26.67,23.49,30.54,85.03,11.84,0.88,1.68,0.36,169.52,0.81
2022,22,5,29,7,1141,1,11.89,1.26,0.04,26.48,23.36,30.40,84.61,12.56,0.93,1.81,0.35,185.41,0.83
2022,23,6,5,1,892,7,11.86,1.22,0.04,26.32,23.12,30.27,85.49,23.15,0.99,1.85,0.41,194.56,0.86
2022,24,6,12,3,55,11,11.75,1.26,0.04,26.34,23.07,30.47,84.34,27.96,0.91,1.70,0.41,211.37,0.88
2022,25,6,19,4,16,2,11.88,1.34,0.04,26.27,23.10,30.17,85.05,7.85,0.86,1.62,0.36,184.99,0.87
2022,26,6,26,7,329,0,11.84,1.28,0.04,26.24,22.92,30.28,84.31,10.45,0.88,1.68,0.38,191.44,0.87
2022,27,7,3,0,1,4,11.83,1.3,0.04,25.70,22.74,29.43,86.00,8.85,0.99,1.88,0.47,213.35,0.88
2022,28,7,10,3,2,24,11.77,1.2,0.04,25.47,22.41,29.32,85.81,18.72,1.08,2.09,0.47,198.49,0.89
2022,29,7,17,4,192,25,11.84,1.24,0.04,25.96,22.63,30.06,85.36,6.73,1.08,2.08,0.47,199.73,0.89
2022,30,7,24,7,7680,5,11.88,1.28,0.04,25.76,22.75,29.66,86.00,7.62,1.18,2.31,0.54,226.36,0.88
2022,31,7,31,0,2994,24,11.88,1.2,0.04,25.63,22.56,29.71,85.57,8.38,1.12,2.24,0.47,221.93,0.89
2022,32,8,7,1,144,7,12.01,1.28,0.04,25.67,22.36,29.89,85.39,5.90,1.18,2.20,0.55,201.33,0.88
2022,33,8,14,4,591,3,12.06,1.3,0.04,25.83,22.64,29.97,84.42,6.57,0.96,1.86,0.41,219.45,0.87
2022,34,8,21,5,4392,7,12.13,1.29,0.04,25.86,22.58,30.02,84.32,8.59,1.02,1.94,0.44,217.34,0.88
2022,35,8,28,7,2460,8,12.14,1.28,0.04,25.86,22.74,29.92,84.78,7.82,1.14,2.09,0.50,215.92,0.88
2022,36,9,4,1,10,7,12.14,1.29,0.04,26.01,22.60,30.28,84.57,6.41,0.99,1.95,0.42,217.9,0.88
2022,37,9,11,3,815,3,11.94,1.16,0.04,25.72,22.82,29.54,86.13,6.23,1.29,2.49,0.53,213.77,0.87
2022,38,9,18,5,3020,3,11.86,1.25,0.04,25.81,22.53,30.11,85.12,10.90,1.08,2.11,0.42,219.19,0.88
2022,39,9,25,7,2302,4,11.94,1.28,0.04,26.13,22.98,30.40,84.67,5.01,1.07,2.08,0.42,228.48,0.87
2022,40,10,2,1,461,5,11.94,1.29,0.04,26.13,22.87,30.19,84.95,6.64,0.97,1.86,0.39,208.29,0.87
2022,41,10,9,3,5502,2,11.73,1.21,0.04,26.09,23.11,30.13,85.68,11.55,1.12,2.24,0.42,217.9,0.87
2022,42,10,16,5,843,3,11.47,1.19,0.04,25.93,23.04,29.93,86.38,10.77,1.13,2.20,0.43,220.01,0.88
2022,43,10,23,7,1221,1,11.5,1.2,0.04,25.83,22.88,29.68,86.48,15.50,0.98,2.00,0.35,207.45,0.9
2022,44,10,30,0,2957,3,11.33,1.18,0.04,25.81,22.67,29.84,87.02,16.26,1.23,2.42,0.50,200.51,0.91
2022,45,11,6,3,519,7,11.16,1.22,0.04,26.09,22.46,30.48,84.84,4.71,0.94,1.96,0.35,184.01,0.91
2022,46,11,13,4,803,8,11.13,1.25,0.04,25.95,22.50,30.06,86.14,6.59,0.90,1.78,0.38,177.18,0.9
2022,47,11,20,7,19,6,10.97,1.23,0.04,25.93,22.59,29.97,85.72,3.75,0.90,1.76,0.34,172.78,0.89
2022,48,11,27,0,4,1,10.92,1.23,0.04,26.27,22.41,30.71,84.33,4.29,0.83,1.59,0.33,138.9,0.88
2022,49,12,4,3,3,2,10.72,1.22,0.04,25.80,22.44,30.10,86.19,2.08,1.01,1.94,0.43,182.73,0.87
2022,50,12,11,4,6,26,10.69,1.24,0.04,25.95,22.19,30.44,85.19,2.58,1.01,1.96,0.41,148.65,0.85
2022,51,12,18,5,651,51,10.67,1.12,0.03,25.64,22.32,29.60,85.89,4.82,0.93,1.87,0.36,141.06,0.86
2022,52,12,25,0,38,6,10.57,1.15,0.03,25.47,22.08,29.55,86.26,5.67,1.03,1.99,0.42,175.68,0.85
2023,2,1,8,3,399,10,10.75,1.09,0.03,25.28,21.57,29.60,85.05,3.04,0.94,1.94,0.33,111.21,0.85
2023,3,1,15,5,2340,6,10.82,1.09,0.03,25.19,21.90,29.26,86.00,6.58,1.03,2.03,0.38,167.06,0.85
2023,4,1,22,7,5869,11,11.01,1.11,0.03,25.62,21.96,29.92,85.15,3.79,0.93,1.84,0.35,131.54,0.85
2023,5,1,29,1,4024,24,11.14,1.17,0.04,25.39,21.59,29.86,84.33,4.08,0.98,1.93,0.36,138.3,0.85
2023,6,2,5,3,1011,54,11.35,1.2,0.04,25.39,21.30,30.42,84.21,2.13,1.19,2.26,0.48,127.57,0.83
2023,7,2,12,5,625,25,11.58,1.2,0.04,25.32,21.06,30.27,83.94,4.55,1.14,2.20,0.44,120.94,0.82
2023,8,2,19,7,7025,10,11.81,1.21,0.04,25.21,20.87,30.30,83.04,2.96,1.19,2.27,0.46,123.38,0.81
2023,9,2,26,0,1045,4,11.99,1.29,0.04,25.85,21.44,30.89,82.32,3.35,1.04,2.10,0.38,125.26,0.8
2023,10,3,5,3,2374,6,12.19,1.35,0.04,26.04,21.57,31.22,81.91,2.22,1.13,2.24,0.45,121.8,0.79
2023,11,3,12,5,4803,9,12.31,1.38,0.04,26.06,21.64,31.39,81.53,6.83,1.04,2.04,0.36,138.76,0.79
2023,12,3,19,7,8088,7,12.48,1.36,0.04,26.44,22.18,31.32,82.03,6.84,0.95,1.93,0.32,123.73,0.79
2023,13,3,26,0,3505,7,12.46,1.38,0.05,26.20,21.89,31.22,81.19,4.36,1.08,2.27,0.33,115.03,0.78
2023,14,4,2,3,986,4,12.44,1.37,0.04,26.47,22.46,31.20,81.52,7.29,0.93,1.86,0.28,168.39,0.78
2023,15,4,9,4,4267,2,12.41,1.35,0.04,26.43,22.62,30.99,82.61,7.49,1.15,2.25,0.45,167.05,0.79
2023,16,4,16,6,18124,0,12.34,1.34,0.04,26.53,22.79,31.19,82.97,7.69,1.22,2.30,0.46,214.77,0.79
2023,17,4,23,0,284,0,12.36,1.38,0.04,27.02,23.21,31.63,81.86,9.68,1.05,2.08,0.37,152.79,0.79
2023,18,4,30,3,683,1,12.33,1.33,0.04,26.85,23.22,31.24,82.08,6.61,0.96,1.93,0.33,174.91,0.79
2023,19,5,7,3,736,0,12.24,1.34,0.04,26.93,23.48,31.27,83.36,4.74,1.07,2.12,0.41,185.88,0.78
2023,20,5,14,5,66,0,12.03,1.24,0.04,26.88,23.57,30.94,84.68,13.48,0.92,1.78,0.36,189.14,0.81
2023,21,5,21,0,94,1,12.02,1.31,0.04,26.60,23.49,30.46,84.98,11.35,0.89,1.73,0.36,182.52,0.82
2023,22,5,28,1,958,1,11.9,1.24,0.04,26.39,23.37,30.25,85.16,12.24,1.02,1.99,0.39,196.98,0.84
2023,23,6,4,3,1484,6,11.86,1.23,0.04,26.30,23.10,30.27,85.45,20.15,1.00,1.89,0.41,202.68,0.86
2023,24,6,11,5,57,9,11.76,1.26,0.04,26.31,23.04,30.52,84.39,24.19,0.95,1.79,0.43,217.58,0.88
2023,25,6,18,7,16,2,11.84,1.32,0.04,26.31,23.11,30.24,84.85,8.59,0.85,1.60,0.35,186.5,0.87
2023,26,6,25,1,275,2,11.83,1.27,0.04,26.15,22.97,30.07,84.89,10.10,0.93,1.79,0.38,200.63,0.87
2023,27,7,2,3,2,4,11.82,1.3,0.04,25.83,22.81,29.60,85.86,8.73,0.97,1.83,0.45,213.81,0.88
2023,28,7,9,5,6,21,11.79,1.2,0.04,25.61,22.57,29.48,85.99,17.20,1.05,2.01,0.46,193.33,0.89
2023,29,7,16,7,160,21,11.83,1.22,0.04,25.94,22.72,29.96,85.69,6.44,1.17,2.27,0.49,206,0.89
2023,30,7,23,1,6400,4,11.87,1.25,0.04,25.66,22.72,29.48,86.20,7.43,1.21,2.36,0.56,229.48,0.88
2023,31,7,30,3,2500,20,11.86,1.19,0.04,25.58,22.49,29.65,85.55,7.50,1.17,2.38,0.49,221.76,0.89
2023,32,8,6,4,200,8,12.05,1.32,0.04,25.82,22.39,30.13,85.02,5.00,1.15,2.12,0.53,200.2,0.87
2023,33,8,13,7,495,9,12.04,1.28,0.04,25.79,22.69,29.85,84.95,7.06,1.03,2.03,0.44,224.41,0.87
2023,34,8,20,0,3662,11,12.1,1.26,0.04,25.78,22.60,29.87,84.67,8.25,1.04,1.99,0.45,223.08,0.88
2023,35,8,27,2,4245,8,12.14,1.28,0.04,25.86,22.74,29.95,84.98,7.63,1.16,2.15,0.52,219.12,0.88
2023,36,9,3,4,8482,6,12.13,1.28,0.04,26.05,22.66,30.37,84.65,5.64,1.06,2.11,0.45,219.15,0.87
2023,37,9,10,6,727,3,11.96,1.17,0.04,25.84,22.85,29.74,85.91,6.39,1.23,2.36,0.52,207.79,0.87
2023,38,9,17,7,2521,6,11.89,1.25,0.04,25.81,22.53,30.09,85.25,10.54,1.10,2.10,0.45,220.15,0.88
2023,39,9,24,1,1924,7,11.94,1.26,0.04,26.15,22.99,30.44,84.63,5.68,1.05,2.07,0.40,226.47,0.87
2023,40,10,1,3,451,4,11.87,1.25,0.04,26.08,22.87,30.17,85.13,7.14,1.06,2.07,0.44,214.28,0.87
2023,41,10,8,5,4628,2,11.66,1.21,0.04,26.15,23.14,30.27,85.50,10.16,1.09,2.19,0.39,223.87,0.87
2023,42,10,15,7,708,3,11.48,1.18,0.04,25.95,23.03,29.99,86.35,10.97,1.13,2.19,0.44,221.21,0.88
2023,43,10,22,1,1031,1,11.52,1.22,0.04,26.00,22.91,29.97,86.00,13.87,0.95,1.90,0.33,201.14,0.89
2023,44,10,29,3,2489,2,11.37,1.2,0.04,25.84,22.75,29.87,86.90,14.51,1.17,2.36,0.46,209.28,0.91
2023,45,11,5,5,433,7,11.21,1.24,0.04,26.26,22.60,30.65,84.41,4.86,0.89,1.83,0.32,183.01,0.9
2023,46,11,12,7,669,8,11.2,1.27,0.04,26.09,22.67,30.22,85.88,6.66,0.89,1.77,0.37,171.01,0.89
2023,47,11,19,0,17,5,11.01,1.22,0.04,26.01,22.58,30.12,85.44,4.02,0.89,1.74,0.33,169.95,0.89
2023,48,11,26,3,100,11,10.93,1.23,0.04,26.34,22.55,30.73,84.54,4.73,0.85,1.62,0.34,138.98,0.88
2023,49,12,3,4,9,13,10.76,1.22,0.04,25.92,22.49,30.20,86.13,2.34,1.00,1.91,0.43,170.56,0.87
2023,50,12,10,7,6,25,10.73,1.25,0.04,26.08,22.29,30.55,85.13,2.69,0.99,1.95,0.41,145.88,0.85
2023,51,12,17,0,543,44,10.71,1.15,0.04,25.74,22.18,29.88,85.53,4.19,0.94,1.86,0.38,134.83,0.85
2023,52,12,24,3,49,6,10.61,1.14,0.04,25.60,22.09,29.73,86.04,5.25,1.04,2.01,0.43,166.99,0.85
2023,53,12,31,4,419,7,10.67,1.14,0.04,25.56,22.05,29.78,86.12,6.29,0.95,1.83,0.39,124.1,0.85
2024,1,1,7,7,20525,24,10.8,1.14,0.04,25.40,21.66,29.66,86.18,3.06,1.08,2.12,0.44,104.2,0.84
2024,2,1,14,0,358,96,10.77,1.09,0.03,25.41,21.65,29.74,85.04,3.05,0.95,1.95,0.34,108.71,0.85
2024,3,1,21,1,2272,45,10.93,1.08,0.03,25.27,21.91,29.39,86.09,6.85,1.04,2.09,0.37,154.32,0.85
2024,4,1,28,4,8153,10,11.02,1.11,0.04,25.51,21.80,29.86,85.13,3.44,0.97,1.91,0.36,123.45,0.84
2024,5,2,4,5,3536,25,11.2,1.15,0.04,25.40,21.71,29.78,84.91,4.82,0.99,1.97,0.36,131.86,0.84
2024,6,2,11,7,929,54,11.38,1.2,0.04,25.42,21.38,30.42,84.21,2.13,1.18,2.26,0.46,121.75,0.83
2024,7,2,18,1,750,29,11.62,1.22,0.04,25.29,20.91,30.41,83.72,3.98,1.18,2.27,0.46,115.58,0.82
2024,8,2,25,3,6259,16,11.85,1.22,0.04,25.34,20.87,30.54,82.99,3.40,1.18,2.27,0.44,119.92,0.81
2024,9,3,3,5,994,5,12.02,1.29,0.04,25.85,21.38,30.91,82.31,3.09,1.09,2.18,0.40,118.93,0.8
2024,10,3,10,7,2109,7,12.22,1.36,0.05,26.09,21.51,31.38,81.46,1.91,1.17,2.29,0.46,116.21,0.78
2024,11,3,17,1,4234,8,12.32,1.39,0.05,26.11,21.53,31.53,80.89,5.93,1.07,2.10,0.36,128.97,0.78
2024,12,3,24,3,8000,7,12.49,1.38,0.05,26.46,22.07,31.49,81.36,5.87,0.99,1.98,0.35,115.06,0.78
2024,13,3,31,5,3960,8,12.5,1.39,0.05,26.43,22.01,31.48,80.81,3.97,1.07,2.22,0.34,111.22,0.77
2024,14,4,7,7,853,5,12.49,1.39,0.04,26.56,22.43,31.45,81.10,6.38,0.98,1.94,0.31,156.7,0.76
2024,15,4,14,1,3659,2,12.45,1.37,0.04,26.62,22.54,31.40,81.30,6.54,1.15,2.24,0.42,154.47,0.77
2024,16,4,21,3,15922,5,12.37,1.36,0.04,26.78,22.87,31.57,82.16,7.10,1.18,2.26,0.44,198.42,0.77
2024,17,4,28,4,446,3,12.39,1.4,0.04,27.19,23.27,31.92,81.36,8.47,1.07,2.10,0.38,145.07,0.77
2024,18,5,5,7,678,4,12.35,1.34,0.04,27.01,23.25,31.50,81.58,6.04,0.95,1.92,0.34,163.38,0.77
2024,19,5,12,0,636,2,12.28,1.37,0.04,27.09,23.56,31.53,82.61,5.63,1.05,2.09,0.39,180.25,0.77
2024,20,5,19,3,68,4,12.07,1.27,0.04,27.05,23.63,31.22,84.06,12.66,0.92,1.80,0.35,180.17,0.79
2024,21,5,26,4,298,5,12.03,1.32,0.04,26.86,23.62,30.90,84.33,11.22,0.89,1.73,0.35,181.19,0.8
2024,22,6,2,7,831,7,11.95,1.27,0.04,26.64,23.51,30.65,84.66,11.01,1.02,1.97,0.40,189.01,0.81
2024,23,6,9,0,1284,8,11.87,1.25,0.04,26.44,23.27,30.44,85.21,18.55,0.99,1.91,0.39,208.46,0.84
2024,24,6,16,1,54,15,11.77,1.26,0.04,26.39,23.17,30.59,84.28,22.20,0.95,1.80,0.43,220.26,0.85
2024,25,6,23,4,24,10,11.83,1.3,0.04,26.32,23.12,30.26,84.74,9.05,0.86,1.63,0.35,189.67,0.85
2024,26,6,30,5,239,6,11.86,1.27,0.04,26.22,23.07,30.07,84.96,10.58,0.92,1.76,0.38,194.86,0.86
2024,27,7,7,7,2,12,11.81,1.29,0.04,25.94,22.86,29.78,85.69,9.20,0.95,1.79,0.45,209.8,0.86
2024,28,7,14,1,5,38,11.81,1.2,0.04,25.63,22.70,29.38,86.49,18.29,1.10,2.10,0.48,201.84,0.89
2024,29,7,21,3,207,64,11.82,1.21,0.04,25.92,22.73,29.98,85.74,7.20,1.18,2.31,0.50,208.88,0.88
2024,30,7,28,5,5497,35,11.85,1.25,0.04,25.74,22.75,29.64,85.93,6.78,1.19,2.30,0.54,225.55,0.87
2024,31,8,4,7,2147,31,-91.29,-100.87,-101.9,25.74,22.61,29.86,85.22,7.03,1.13,2.29,0.48,220.82,0.87
2024,32,8,11,1,177,37,-132.38,-141.58,-142.68,25.95,22.49,30.28,84.79,4.91,1.12,2.05,0.52,198.1,0.86
2024,33,8,18,3,589,29,-132.39,-141.62,-142.68,26.00,22.80,30.10,84.56,7.06,1.00,1.94,0.43,216.02,0.86
2024,34,8,25,4,3192,36,-132.35,-141.63,-142.68,25.93,22.69,30.07,84.58,8.44,1.04,1.97,0.47,216.23,0.87
2024,35,9,1,7,3652,26,-132.3,-141.62,-142.68,25.84,22.78,29.87,85.27,7.21,1.18,2.22,0.52,222.29,0.87
2024,36,9,8,1,7286,29,-132.31,-141.62,-142.68,26.18,22.74,30.57,84.31,5.73,1.05,2.08,0.46,216.05,0.86
2024,37,9,15,3,868,16,-132.46,-141.71,-142.68,25.81,22.94,29.62,86.31,8.22,1.34,2.58,0.53,213.22,0.87
2024,38,9,22,4,2538,13,-132.52,-141.65,-142.68,25.84,22.57,30.06,85.45,10.19,1.12,2.15,0.46,213.48,0.88
2024,39,9,29,7,1767,25,-132.48,-141.63,-142.68,26.19,23.02,30.49,84.76,5.33,1.05,2.05,0.41,222.7,0.86
2024,40,10,6,0,454,43,-132.54,-141.65,-142.68,26.17,22.97,30.30,85.05,6.79,1.05,2.04,0.43,214.8,0.86
2024,41,10,13,3,4110,37,-132.72,-141.68,-142.68,26.31,23.23,30.51,85.14,9.49,1.05,2.10,0.38,219.36,0.86
2024,42,10,20,4,1453,22,-132.87,-141.7,-142.68,26.00,23.15,29.97,86.64,10.80,1.14,2.20,0.44,223.75,0.88
2024,43,10,27,5,900,6,-132.84,-141.67,-142.68,25.96,23.03,29.79,86.47,14.59,1.14,2.22,0.42,208.35,0.89
2024,44,11,3,0,2157,23,-132.97,-141.69,-142.68,25.93,22.81,30.00,86.55,12.89,1.15,2.32,0.45,211.22,0.9
2024,45,11,10,1,578,36,-133.11,-141.65,-142.68,26.33,22.73,30.71,84.45,4.53,0.87,1.81,0.31,187.42,0.89
2024,46,11,17,3,807,19,-133.12,-141.63,-142.68,26.22,22.82,30.35,85.82,6.33,0.89,1.77,0.36,169.64,0.89
2024,47,11,24,5,17,11,-133.27,-141.67,-142.68,26.07,22.61,30.21,85.60,3.69,0.93,1.81,0.35,159.14,0.88
2024,48,12,1,7,85,25,-133.34,-141.66,-142.68,26.32,22.64,30.61,85.00,5.09,0.86,1.66,0.35,134.07,0.87
2024,49,12,8,1,8,29,-133.49,-141.66,-142.68,26.05,22.60,30.25,85.61,2.88,0.96,1.86,0.40,164.69,0.86
2024,50,12,15,3,14,55,-133.51,-141.64,-142.68,26.11,22.33,30.57,85.04,2.87,0.98,1.91,0.41,139.12,0.85
2024,51,12,22,5,466,68,-133.54,-141.73,-142.68,25.78,22.32,29.91,85.74,4.02,0.95,1.89,0.37,144.11,0.85
2024,52,12,29,7,42,31,-133.62,-141.74,-142.68,25.65,22.22,29.73,86.26,5.46,1.02,1.94,0.43,169.75,0.85
2025,2,1,12,3,353,124,10.73,1.09,0.03,25.42,21.75,29.70,85.33,3.39,0.95,1.93,0.33,111.73,0.84
2025,3,1,19,4,2053,106,10.92,1.09,0.03,25.32,21.88,29.52,86.07,7.15,1.05,2.11,0.39,147.04,0.85
2025,4,1,26,7,7134,79,11,1.12,0.03,25.63,21.90,29.96,85.10,4.20,0.94,1.86,0.35,124.3,0.84
2025,5,2,2,0,3094,119,11.2,1.15,0.04,25.40,21.74,29.75,85.13,4.95,1.00,1.99,0.37,129.68,0.84
2025,6,2,9,3,818,82,11.36,1.19,0.04,25.44,21.49,30.32,84.43,2.19,1.14,2.19,0.44,117.98,0.83
2025,7,2,16,4,1208,45,11.62,1.2,0.04,25.28,21.04,30.27,84.12,3.62,1.18,2.27,0.47,112.71,0.82
2025,8,2,23,6,5497,25,11.85,1.22,0.04,25.35,20.99,30.48,83.37,3.51,1.18,2.28,0.44,121.16,0.81
2025,9,3,2,7,898,36,12.01,1.26,0.04,25.87,21.50,30.85,82.70,3.05,1.11,2.23,0.41,115.41,0.8
2025,10,3,9,1,1989,33,12.2,1.34,0.04,26.05,21.59,31.22,82.13,2.49,1.17,2.27,0.47,114.37,0.79
2025,11,3,16,4,7707,14,12.32,1.38,0.05,26.12,21.59,31.44,81.19,5.50,1.08,2.11,0.38,124.48,0.78
2025,12,3,23,5,7358,18,12.47,1.36,0.05,26.45,22.17,31.36,81.70,6.49,0.99,1.97,0.34,113.26,0.78
2025,13,3,30,7,3474,13,12.47,1.37,0.05,26.47,22.17,31.44,81.22,4.73,1.06,2.16,0.34,122.39,0.78
2025,14,4,6,1,835,15,12.47,1.38,0.04,26.58,22.47,31.42,81.24,6.06,0.98,1.94,0.32,153.36,0.77
2025,15,4,13,3,4221,9,12.46,1.38,0.04,26.67,22.62,31.43,81.60,6.62,1.12,2.17,0.42,153.46,0.78
2025,16,4,20,5,14070,6,12.39,1.36,0.04,26.82,22.93,31.59,82.22,6.82,1.15,2.21,0.43,191.42,0.77
2025,17,4,27,7,404,9,12.4,1.38,0.04,27.14,23.24,31.79,81.51,7.89,1.06,2.08,0.37,145.16,0.77
2025,18,5,4,1,597,10,12.34,1.33,0.04,26.95,23.22,31.43,81.97,7.93,0.94,1.87,0.34,166.71,0.78
2025,19,5,11,3,656,11,12.26,1.36,0.04,27.02,23.55,31.36,83.00,6.51,1.02,2.02,0.38,186.03,0.78
2025,20,5,18,4,69,8,12.07,1.27,0.04,27.01,23.58,31.18,84.33,13.33,0.93,1.81,0.36,174.15,0.81
2025,21,5,25,7,267,8,12.04,1.32,0.04,26.78,23.54,30.81,84.70,12.98,0.90,1.74,0.36,173.4,0.82
2025,22,6,1,1,728,11,11.94,1.28,0.04,26.71,23.60,30.69,84.74,10.84,0.98,1.88,0.38,186.53,0.82
2025,23,6,8,3,1125,9,11.83,1.23,0.04,26.33,23.32,30.19,85.89,17.44,1.05,2.01,0.42,214.55,0.85
2025,24,6,15,4,278,22,11.77,1.27,0.04,26.36,23.13,30.50,84.55,20.61,0.96,1.83,0.43,217.46,0.86
2025,25,6,22,7,22,18,11.82,1.3,0.04,26.27,23.08,30.17,84.97,9.43,0.89,1.67,0.36,190.73,0.86
2025,26,6,29,0,209,23,11.84,1.26,0.04,26.11,23.09,29.82,85.54,9.89,0.97,1.84,0.42,203.07,0.86
2025,27,7,6,2,4,27,11.79,1.28,0.04,25.91,22.84,29.74,85.79,8.98,0.96,1.80,0.45,213.85,0.87
2025,28,7,13,4,93,41,11.82,1.2,0.04,25.55,22.73,29.22,86.84,18.31,1.13,2.15,0.50,208.14,0.89
2025,29,7,20,7,251,64,11.8,1.19,0.04,25.82,22.75,29.74,86.26,7.96,1.27,2.43,0.54,213.28,0.89
2025,30,7,27,0,4810,36,11.85,1.25,0.04,25.76,22.74,29.70,85.91,6.30,1.19,2.31,0.55,224.94,0.88
2025,31,8,3,1,1890,36,-150.59,-159.54,-160.52,25.82,22.62,29.95,85.20,6.51,1.12,2.24,0.48,213.53,0.88
2025,32,8,10,4,452,39,-240.71,-248.76,-249.72,25.97,22.54,30.29,84.80,5.46,1.10,2.02,0.51,200.19,0.87
2025,33,8,17,5,639,32,-240.72,-248.79,-249.72,25.97,22.78,30.08,84.64,8.68,0.99,1.92,0.42,217.34,0.87
2025,34,8,24,7,2824,36,-240.68,-248.81,-249.72,25.85,22.70,29.90,84.97,8.59,1.06,1.98,0.48,215.95,0.88
2025,35,8,31,1,3260,30,-240.64,-248.79,-249.72,25.66,22.72,29.55,85.83,7.49,1.24,2.33,0.54,226.05,0.88
2025,36,9,7,3,8074,31,-240.65,-248.79,-249.72,26.15,22.71,30.47,84.49,6.17,1.03,2.03,0.45,209.37,0.87
2025,37,9,14,5,1647,24,-240.78,-248.88,-249.72,25.86,23.01,29.67,86.42,9.12,1.28,2.49,0.50,216.21,0.88
2025,38,9,21,7,2224,19,-240.83,-248.82,-249.72,25.85,22.64,30.05,85.60,9.77,1.12,2.16,0.46,216.24,0.88
2025,39,9,28,1,1566,29,-240.79,-248.8,-249.72,26.13,22.96,30.40,84.69,5.05,1.08,2.12,0.42,221.88,0.87
2025,40,10,5,3,482,43,-240.84,-248.81,-249.72,26.21,23.02,30.33,84.95,7.08,1.01,1.98,0.42,212.87,0.87
2025,41,10,12,5,4111,35,-241,-248.84,-249.72,26.20,23.18,30.33,85.42,10.44,1.09,2.15,0.39,220.84,0.87
2025,42,10,19,7,1287,25,-241.14,-248.86,-249.72,26.08,23.18,30.09,86.50,9.95,1.10,2.11,0.43,222.47,0.88
2025,43,10,26,0,806,16,-241.11,-248.84,-249.72,26.01,23.11,29.80,86.66,14.45,1.12,2.17,0.40,211.83,0.9
2025,44,11,2,3,2619,22,-241.22,-248.85,-249.72,25.90,22.85,29.94,86.82,12.22,1.13,2.28,0.44,216.27,0.9
2025,45,11,9,4,774,32,-241.34,-248.82,-249.72,26.20,22.76,30.42,85.02,5.17,0.93,1.95,0.34,196.4,0.89
2025,46,11,16,6,707,17,-241.35,-248.8,-249.72,26.12,22.86,30.18,86.30,7.23,0.87,1.78,0.34,177.73,0.89
2025,47,11,23,0,15,26,-241.49,-248.84,-249.72,26.03,22.67,30.10,85.93,4.94,0.89,1.75,0.34,164.59,0.88
2025,48,11,30,2,75,61,-241.55,-248.83,-249.72,26.26,22.74,30.42,85.56,5.99,0.86,1.66,0.33,148.32,0.88
2025,49,12,7,4,10,32,-241.68,-248.83,-249.72,26.00,22.69,30.13,85.93,4.16,0.95,1.87,0.39,176.34,0.87
2025,50,12,8,6,,,,,,25.44,21.99,29.44,87.31,4.65,1.10,2.11,0.49,124.25,0.85
2025,51,12,15,7,,,,,,25.24,21.93,29.16,87.45,5.81,1.12,2.15,0.48,117.71,0.85
2025,52,12,22,1,,,,,,25.03,21.76,28.91,87.46,7.19,1.11,2.16,0.47,105.82,0.85